{
    "wait": "*Loading.....*",
    "error": {
        "Iv": "Link yang kamu berikan tidak valid",
        "api": "Ups, terjadi kesalahan pada botkey, silahkan hubungi owner untuk memperbaikinya"
    },
    "OnlyGrup": "Perintah ini hanya bisa digunakan di grup",
    "OnlyPM": "Perintah ini hanya bisa digunakan di private message✉️",
    "GrupAdmin": "Perintah ini hanya bisa digunakan oleh Admin Grup",
    "BotAdmin": "Bot Harus menjadi admin👑",
    "OnlyOwner": "Perintah ini hanya dapat digunakan oleh owner wiwin ya👤",
    "OnlyPrem": "Perintah ini khusus member premium💳"
}