{"version":1,"hash":{"type":"Buffer","data":"5c61bSHlb3owTGq4lUwdfwdliBb2ORBEDd968Ih/p3hLX5c4eBB6T9zglKkJ8OEJL6FXJGfTGDSdlKKbw5agCSpu6q+yBU9xRq5rYcOsoYMTuufQgB2BtFyV8/JpbavVIIvEKN7Mcx2WSvTqJwOs69O+57kEibsGPrrXmG1hUFA="},"indexValueMap":{"HWzVxRy8w10SbRbRcmM+RkGQOWlVHq8ezyiZlMFsur4=":{"valueMac":{"type":"Buffer","data":"iu9OMdX8RM81+cBBc2jrEwt2cv6mq0QvlLFjFWSyxK0="}},"Lp6ooruSeqKM2rgpXkS1QoAJa1EHRjeCSKTrv+JcPKo=":{"valueMac":{"type":"Buffer","data":"gpZWtxkKnfTndSkn5as1XF67p0QX8AvxZDzWWPI1ls0="}},"5uVoIM+j7oTPnI2qRQmWB4KHlakpuHeiCbnT6cxMjYQ=":{"valueMac":{"type":"Buffer","data":"jx5tk8Vc0DXJGwrnUced0qRqk+GD7nP81enNwY5MJQE="}},"7jtd5+ApnepVcHD8M3H/DUcTbtdjzzqI/rj6VY5h1Uw=":{"valueMac":{"type":"Buffer","data":"Yk8kK6agCE7PnSaAJVI3Kb1Cf6mE2St9MJQXZTqy480="}}}}