{"noiseKey":{"private":{"type":"Buffer","data":"KA5UVEQf2OwawPlrWm1vvJGF/jijc/TgGkdBrZTPf0w="},"public":{"type":"Buffer","data":"q8FVHt0BmLaCig6fbyUGtcwl2xpZYbEuHfBw+b8aOx0="}},"pairingEphemeralKeyPair":{"private":{"type":"Buffer","data":"WAuLsFN5WKXQQR26/vu7Npx9wxrtLtMlONv3fzOPT1c="},"public":{"type":"Buffer","data":"dL/C0DJTP7lWT2iSR8UDS+pegX1CYGiXtcmSi7zBU3M="}},"signedIdentityKey":{"private":{"type":"Buffer","data":"4KaNdnI2nV/ndYexHCeWMeh+mkwiAOlHJsUtQksby38="},"public":{"type":"Buffer","data":"DN+8DY9tsQUsqJS2tLNfl/YJBX5OKIW72wf/oVUkxAc="}},"signedPreKey":{"keyPair":{"private":{"type":"Buffer","data":"AGdqET9gnUihLflkF4eBlvO+VansI+ev9ufLzcsDEWs="},"public":{"type":"Buffer","data":"WYV3xeyk3O0GKgX+SQChajYsfnSPtBSHl6Wmfj6QAhg="}},"signature":{"type":"Buffer","data":"X9wYUp61NXQTRY/fyS20gyxq/pw7shXCfWx1cLXPDCKw1quj1T6rVITzCT14uYzSyIKD2iuUY02HsrjuXoPaig=="},"keyId":1},"registrationId":38,"advSecretKey":"JNHmPB6a6hkvRvSeqSpLSjdXFdgfKsH+tK+K+pjw8k4=","processedHistoryMessages":[{"key":{"remoteJid":"62857014792457@s.whatsapp.net","fromMe":true,"id":"F920891E9497EECBFAB54173951225EC"},"messageTimestamp":1703344626},{"key":{"remoteJid":"62857014792457@s.whatsapp.net","fromMe":true,"id":"A6B5ACCB88A98C38B4C6DE2A5F55D85A"},"messageTimestamp":1703344627},{"key":{"remoteJid":"62857014792457@s.whatsapp.net","fromMe":true,"id":"B1809C2F393CB3E81F1E14F856BA6E7A"},"messageTimestamp":1703344629},{"key":{"remoteJid":"62857014792457@s.whatsapp.net","fromMe":true,"id":"805E6E9150F2BFF297021E34EDB8F10A"},"messageTimestamp":1703344629}],"nextPreKeyId":31,"firstUnuploadedPreKeyId":31,"accountSyncCounter":1,"accountSettings":{"unarchiveChats":false},"deviceId":"gMC-YzieQ6-sjwNH2prQuA","phoneId":"e7a97c63-c45d-475a-866f-8387e148878a","identityId":{"type":"Buffer","data":"4Pvx8kH1bJhT5MoRI/gQqOOK5OI="},"registered":true,"backupToken":{"type":"Buffer","data":"Ud+Tc68fZ+spO9CErieQNLiVxq8="},"registration":{},"pairingCode":"4E21VKCB","me":{"id":"62857014792457:2@s.whatsapp.net","jid":"62857014792457@s.whatsapp.net","name":"ᴠɪᴏɴ-ᴍᴅ"},"account":{"details":"CO+cn8ICEOzzm6wGGAI=","accountSignatureKey":"QVnpo3/q+VIAV19T3l6oWobkf410vpxTlW696QDq2Ho=","accountSignature":"rZZKunR0cGORr85sqghE6TzfWgS6JpIui/1+wFoygsPC30xyt+UHHgaEafDaW8oadu1xjRNcUrJ+GqLZnl9nCA==","deviceSignature":"sMPfaap+5PeU1OHgq4XTJ6cQxmPNVUzpO0vo84ZL8MfZ1GOWYFkHFSQozDZfZM1+4csY4iKwDLc6qPORKeLHhQ=="},"signalIdentities":[{"identifier":{"name":"62857014792457:2@s.whatsapp.net","deviceId":0},"identifierKey":{"type":"Buffer","data":"BUFZ6aN/6vlSAFdfU95eqFqG5H+NdL6cU5VuvekA6th6"}}],"platform":"android","lastAccountSyncTimestamp":1703345010,"myAppStateKeyId":"AAAAABgn"}