[{"senderKeyId":1383009570,"senderChainKey":{"iteration":335,"seed":"rXltJmiZG8IPGPNO2017ns+ExFudVZDK1e8FB7ek0xI="},"senderSigningKey":{"public":"BTwj/SBqejSmajHHcVXTTDb3fLpVwO9q188onEzVneEy","private":"+O1LMZT1k5GdG/pSUQwYI5G3dA1qeR2QLhoZWCu0d30="},"senderMessageKeys":[{},{},{},{},{},{},{},{},{},{},{},{},{},{},{},{},{},{},{},{},{},{},{},{},{},{},{},{},{},{},{},{},{},{},{},{},{},{},{},{},{},{},{},{},{},{},{},{},{},{},{},{},{},{},{},{},{},{},{},{},{},{},{},{},{},{},{},{},{},{},{},{},{},{},{},{},{},{},{},{},{},{},{},{},{},{},{},{},{},{},{},{},{},{},{},{},{},{},{},{},{},{},{},{},{},{},{},{},{},{},{},{},{},{},{},{},{},{},{},{},{},{},{},{},{},{},{},{},{},{},{},{},{},{},{},{},{},{},{},{},{},{},{},{},{},{},{},{},{},{},{},{},{},{},{},{},{},{},{},{},{},{},{},{},{},{},{}]}]