{"_sessions":{"Bfb15Jfi35VzT820DLrXqwn11xkSAsFmmQ09tkcHHy0i":{"registrationId":413169992,"currentRatchet":{"ephemeralKeyPair":{"pubKey":"BVrgpFc8fN+Ynm9XPMCcoEbBOTtAJ3ZIABskwGAsNJ5X","privKey":"CE/WjWOOsNeX5OXCaoqVeO5r90iBmkLc7L/7pl/YtnU="},"lastRemoteEphemeralKey":"BZ4uxe91gIpmYpnjhFpFIhsIjiNLdBTCtGndISnyna8h","previousCounter":0,"rootKey":"pDIvELxe0/womUpO7/tWHd3YDA/dUZpSebq0Yvtw5kM="},"indexInfo":{"baseKey":"Bfb15Jfi35VzT820DLrXqwn11xkSAsFmmQ09tkcHHy0i","baseKeyType":1,"closed":-1,"used":1703345283147,"created":1703345159326,"remoteIdentityKey":"BT65uW20xVbbo7XqNV5HHKE4VTxChEOtHyS+kNSqlsAT"},"_chains":{"BZ4uxe91gIpmYpnjhFpFIhsIjiNLdBTCtGndISnyna8h":{"chainKey":{"counter":0,"key":"D1pCodidRFi8rM3rTRVjwW0j6L5vdBI1Xflj2rAAbLQ="},"chainType":2,"messageKeys":{}},"BVrgpFc8fN+Ynm9XPMCcoEbBOTtAJ3ZIABskwGAsNJ5X":{"chainKey":{"counter":2,"key":"YvC42Rq2TPhClvFW2lKhNclYO6epSJeMEArLvyqMJu0="},"chainType":1,"messageKeys":{}}}}},"version":"v1"}