{"_sessions":{"BelzcvUac/Pw9eqbfWBDGg5SB2mykJO6lB3yHbXydDJJ":{"registrationId":386195695,"currentRatchet":{"ephemeralKeyPair":{"pubKey":"BSVcg7ZCxb9Xk5B9NiDdaQ1FkQUvkIhjGPF6Ph5DtCJw","privKey":"EIbBTOIm1+a9DWGUZYN8YlG8iiBPM1FIqmGI+FoPX1U="},"lastRemoteEphemeralKey":"BTMQee/tjfLSz/65FyRNgk+BsRw7GBtXAlKKjKtctlAq","previousCounter":1,"rootKey":"L8cP5cbcwDGgi0afzOGU7zKVLpTkuJ24B9D74Z/ocOE="},"indexInfo":{"baseKey":"BelzcvUac/Pw9eqbfWBDGg5SB2mykJO6lB3yHbXydDJJ","baseKeyType":2,"closed":1703345160217,"used":1703345158180,"created":1703344626175,"remoteIdentityKey":"BUFZ6aN/6vlSAFdfU95eqFqG5H+NdL6cU5VuvekA6th6"},"_chains":{"BZp/FsjJtdLdHIyo6ybC4LVL8d98yGNN4xWHN0NMSZQv":{"chainKey":{"counter":7},"chainType":2,"messageKeys":{}},"BZHMlUVmunr7qS193DsLVqlKZ39TMQOTUmn+6d9GGPoa":{"chainKey":{"counter":0},"chainType":2,"messageKeys":{}},"BfKQ3RM5YQMkpwKq/dsIf+nsuS+gSO3/BqnU7HiZvaRQ":{"chainKey":{"counter":0},"chainType":2,"messageKeys":{}},"BZSpBVoyIyOnfB3/CF55iWn+HL7VNIOD73w9Mberpdtb":{"chainKey":{"counter":0},"chainType":2,"messageKeys":{}},"BVFQnLTuW7IfN6D89SzCAh3NScpo5mMH6WYKwM8JoNpG":{"chainKey":{"counter":0},"chainType":2,"messageKeys":{}},"BSGLTg4+Su4v33pCaHZbIp3BHoKk1I1liBSr8Nic5WNp":{"chainKey":{"counter":0},"chainType":2,"messageKeys":{}},"BUKwjahgHZPAmrpGsbeE/k+dbfuQjqPFihz82x+RwI0+":{"chainKey":{"counter":0},"chainType":2,"messageKeys":{}},"BT7Vn1079J0goU9+H2oQvruSZE66r3+0od87/7Hv7AB5":{"chainKey":{"counter":0},"chainType":2,"messageKeys":{}},"BddtykJeI5UeUZncIHcWqkr3CN/vk7uv7CIm+Zo98WNZ":{"chainKey":{"counter":0},"chainType":2,"messageKeys":{}},"BV9Pqjtd4BQrGhu8i2pUy8jXnydDavi3mwqrpUedR+0S":{"chainKey":{"counter":0},"chainType":2,"messageKeys":{}},"BZ0/RXHw22IcRQ/GZG4nF0g/L27Fjz1ou7stElrrHHBT":{"chainKey":{"counter":0},"chainType":2,"messageKeys":{}},"BTMQee/tjfLSz/65FyRNgk+BsRw7GBtXAlKKjKtctlAq":{"chainKey":{"counter":0,"key":"tkfP3d1r0Ar7l5hq1XhzkLMtyamQxdWMh3eQDsPs0aY="},"chainType":2,"messageKeys":{}},"BSVcg7ZCxb9Xk5B9NiDdaQ1FkQUvkIhjGPF6Ph5DtCJw":{"chainKey":{"counter":-1,"key":"9Tl3+LEXysOrE80ajSPvKno4l7RVoMJ0r9q0ypP7ji4="},"chainType":1,"messageKeys":{}}}},"Bd2fH8OGuwCDcQ28tZ8t9mdAEPFzXZcYtEgElUM3KJdZ":{"registrationId":386195695,"currentRatchet":{"ephemeralKeyPair":{"pubKey":"BZvIbtOW/TgFwZ8JJis7CQoTu0dPlhHuP1hs3YpDW0tb","privKey":"oBKdH6GOn0No/gspXqGj3T1r7bY0tGh72Ij4wKNN3l4="},"lastRemoteEphemeralKey":"Bb889G1cBilXUWr3TbR8iqozdQp0JpGODuz29RA9CEBh","previousCounter":0,"rootKey":"IGgSAcYZ3EydGlCtGJg5RIwPBivWf80LUd/d2xrBaS4="},"indexInfo":{"baseKey":"Bd2fH8OGuwCDcQ28tZ8t9mdAEPFzXZcYtEgElUM3KJdZ","baseKeyType":1,"closed":1703345160866,"used":1703345160210,"created":1703345160209,"remoteIdentityKey":"BUFZ6aN/6vlSAFdfU95eqFqG5H+NdL6cU5VuvekA6th6"},"_chains":{"BZvIbtOW/TgFwZ8JJis7CQoTu0dPlhHuP1hs3YpDW0tb":{"chainKey":{"counter":-1,"key":"A3wawi6LVKD6JVniaUbjO0FrxpRZN3KR5fzcFrTR7wQ="},"chainType":1,"messageKeys":{}}},"pendingPreKey":{"signedKeyId":0,"baseKey":"Bd2fH8OGuwCDcQ28tZ8t9mdAEPFzXZcYtEgElUM3KJdZ","preKeyId":4287286}},"BShsjBGwwiYOpnvnTK9m6nje3nDyvYO6yclPNwei4MJb":{"registrationId":386195695,"currentRatchet":{"ephemeralKeyPair":{"pubKey":"BawRYnr0yBCUe2Tn5lhvGnIIBBhHjtIKqe9n3YLps9Eg","privKey":"INHTTJ3rc7KVF0gnRP1ZjZx5LRL2KyAm6koTmZyGZFs="},"lastRemoteEphemeralKey":"Bb889G1cBilXUWr3TbR8iqozdQp0JpGODuz29RA9CEBh","previousCounter":0,"rootKey":"rYUIlLRQfGuSiOscSuG+s0SWwDMBuTuA0wBuMJ+EABA="},"indexInfo":{"baseKey":"BShsjBGwwiYOpnvnTK9m6nje3nDyvYO6yclPNwei4MJb","baseKeyType":1,"closed":1703345284837,"used":1703345160863,"created":1703345160863,"remoteIdentityKey":"BUFZ6aN/6vlSAFdfU95eqFqG5H+NdL6cU5VuvekA6th6"},"_chains":{"BawRYnr0yBCUe2Tn5lhvGnIIBBhHjtIKqe9n3YLps9Eg":{"chainKey":{"counter":-1,"key":"nvpYzMs2OhTEq0V+SgDtZ5eE7ILuGnptTVUWbWoY2bs="},"chainType":1,"messageKeys":{}}},"pendingPreKey":{"signedKeyId":0,"baseKey":"BShsjBGwwiYOpnvnTK9m6nje3nDyvYO6yclPNwei4MJb","preKeyId":4286578}},"BVj/la4zDCJlelbb2RSOcljTIol3J/pSgKK+2wIgNjR+":{"registrationId":386195695,"currentRatchet":{"ephemeralKeyPair":{"pubKey":"BaiWzZDnoH88kwde55L4Q++W7+gbx3LUSQf8mDVygjwc","privKey":"CGJNUdNGnCZw5H6oEAP3qxACIs7IskhTog+TzkLBvXM="},"lastRemoteEphemeralKey":"Bb889G1cBilXUWr3TbR8iqozdQp0JpGODuz29RA9CEBh","previousCounter":0,"rootKey":"fdAoz2A0aQvrU4H5PFJmuBlN6zcsQgTA2yZXtQowwJE="},"indexInfo":{"baseKey":"BVj/la4zDCJlelbb2RSOcljTIol3J/pSgKK+2wIgNjR+","baseKeyType":1,"closed":1703345285266,"used":1703345284834,"created":1703345284834,"remoteIdentityKey":"BUFZ6aN/6vlSAFdfU95eqFqG5H+NdL6cU5VuvekA6th6"},"_chains":{"BaiWzZDnoH88kwde55L4Q++W7+gbx3LUSQf8mDVygjwc":{"chainKey":{"counter":-1,"key":"JasibQQWz6inbO6DM7xJR40EWDhOuU5Tct6edSD/VzM="},"chainType":1,"messageKeys":{}}},"pendingPreKey":{"signedKeyId":0,"baseKey":"BVj/la4zDCJlelbb2RSOcljTIol3J/pSgKK+2wIgNjR+","preKeyId":4287292}},"BbnEV/3VlD2iJQYcLqx6PzTDrD3ncmrip9O2/nSbJ/4X":{"registrationId":386195695,"currentRatchet":{"ephemeralKeyPair":{"pubKey":"BbpxtEB7wIRiyy3p8weVtLHCV8jPnI9+IPlyLDOFgWYO","privKey":"IJwF05qhZ7J7HBpVc4X8NoYPYrcrt2/4Sq6U2rxA3lY="},"lastRemoteEphemeralKey":"Bb889G1cBilXUWr3TbR8iqozdQp0JpGODuz29RA9CEBh","previousCounter":0,"rootKey":"3k7pTMO7VCM7C8zzDxOEOVVkUhxhXnR/eVBe1STjmUs="},"indexInfo":{"baseKey":"BbnEV/3VlD2iJQYcLqx6PzTDrD3ncmrip9O2/nSbJ/4X","baseKeyType":1,"closed":1703345285669,"used":1703345285264,"created":1703345285264,"remoteIdentityKey":"BUFZ6aN/6vlSAFdfU95eqFqG5H+NdL6cU5VuvekA6th6"},"_chains":{"BbpxtEB7wIRiyy3p8weVtLHCV8jPnI9+IPlyLDOFgWYO":{"chainKey":{"counter":-1,"key":"lROxAQseh4NBEfx1sE6FedkmOojMs3F7RLkyO7ZMhXE="},"chainType":1,"messageKeys":{}}},"pendingPreKey":{"signedKeyId":0,"baseKey":"BbnEV/3VlD2iJQYcLqx6PzTDrD3ncmrip9O2/nSbJ/4X","preKeyId":4287363}},"BQA7DRh8v1aaLCwTj/dK8cgKoXtWAV5xnh23X3nCNStD":{"registrationId":386195695,"currentRatchet":{"ephemeralKeyPair":{"pubKey":"BcJ7ZuSzMqmBZkemPNDgyH9XVjOaI6TPPqHvogVcmvto","privKey":"oN1f5iXzkn8GLLZ1kmGGtXFzKnLwuxHEn2qdCqDA5F0="},"lastRemoteEphemeralKey":"Bb889G1cBilXUWr3TbR8iqozdQp0JpGODuz29RA9CEBh","previousCounter":0,"rootKey":"ugEk0LgrVlEEHbsu33eOWJgs/nMOApytlJBw1oDYCpo="},"indexInfo":{"baseKey":"BQA7DRh8v1aaLCwTj/dK8cgKoXtWAV5xnh23X3nCNStD","baseKeyType":1,"closed":1703345286046,"used":1703345285666,"created":1703345285666,"remoteIdentityKey":"BUFZ6aN/6vlSAFdfU95eqFqG5H+NdL6cU5VuvekA6th6"},"_chains":{"BcJ7ZuSzMqmBZkemPNDgyH9XVjOaI6TPPqHvogVcmvto":{"chainKey":{"counter":-1,"key":"DomomvfQpFCLf9etQzjlERG1wDJwyou8EFRtvPtR7eE="},"chainType":1,"messageKeys":{}}},"pendingPreKey":{"signedKeyId":0,"baseKey":"BQA7DRh8v1aaLCwTj/dK8cgKoXtWAV5xnh23X3nCNStD","preKeyId":4286566}},"BSuFkn2e1dAXnRcwk9G94g0i4ljGjggi8F4ubHo+lVkj":{"registrationId":386195695,"currentRatchet":{"ephemeralKeyPair":{"pubKey":"BXPc5xo9f5/4GUek7mx+fddQD98B5zN/DRuY7tN1Vnsm","privKey":"SOdaJsfDuN1J1mawC6p054Iyebusvo7hbVvjJjWR0ng="},"lastRemoteEphemeralKey":"Bb889G1cBilXUWr3TbR8iqozdQp0JpGODuz29RA9CEBh","previousCounter":0,"rootKey":"2lKOJZvOz3MOEfEhmTl+BlBFAmgSCGJ/Xf4LU9gvD5w="},"indexInfo":{"baseKey":"BSuFkn2e1dAXnRcwk9G94g0i4ljGjggi8F4ubHo+lVkj","baseKeyType":1,"closed":1703345286524,"used":1703345286043,"created":1703345286043,"remoteIdentityKey":"BUFZ6aN/6vlSAFdfU95eqFqG5H+NdL6cU5VuvekA6th6"},"_chains":{"BXPc5xo9f5/4GUek7mx+fddQD98B5zN/DRuY7tN1Vnsm":{"chainKey":{"counter":-1,"key":"WcKRnT3iJPnMP9zsznUESkP+BVW4DqO4MgR0+Qi1rNY="},"chainType":1,"messageKeys":{}}},"pendingPreKey":{"signedKeyId":0,"baseKey":"BSuFkn2e1dAXnRcwk9G94g0i4ljGjggi8F4ubHo+lVkj","preKeyId":4286561}},"BV20lDUPBUesrH3zuq94+0P7c9AJ4psAyOIUFOi5aOFe":{"registrationId":386195695,"currentRatchet":{"ephemeralKeyPair":{"pubKey":"BQOFpJOGckl1SGtgfDPTI8vtuFUNqYOLDNKEnRHYHd1E","privKey":"8KRDcNqA9QxUkiD8WVqRelXaz+YHFcFNY8DcPHDKc1A="},"lastRemoteEphemeralKey":"Bb889G1cBilXUWr3TbR8iqozdQp0JpGODuz29RA9CEBh","previousCounter":0,"rootKey":"Uo+kQPhPldDYhdb/8zRytt1XQrUDnZbXVhZK0IO6exQ="},"indexInfo":{"baseKey":"BV20lDUPBUesrH3zuq94+0P7c9AJ4psAyOIUFOi5aOFe","baseKeyType":1,"closed":1703345286855,"used":1703345286518,"created":1703345286518,"remoteIdentityKey":"BUFZ6aN/6vlSAFdfU95eqFqG5H+NdL6cU5VuvekA6th6"},"_chains":{"BQOFpJOGckl1SGtgfDPTI8vtuFUNqYOLDNKEnRHYHd1E":{"chainKey":{"counter":-1,"key":"f8VQFsuSKjcYIZleTGxzIypx+BRhvQenwBSekl0yo5U="},"chainType":1,"messageKeys":{}}},"pendingPreKey":{"signedKeyId":0,"baseKey":"BV20lDUPBUesrH3zuq94+0P7c9AJ4psAyOIUFOi5aOFe","preKeyId":4287295}},"BTNyal6WqxbPcb815l0eNintA6LZ4QopaFpzgUm9UwIb":{"registrationId":386195695,"currentRatchet":{"ephemeralKeyPair":{"pubKey":"BbpszK7/sPQn0VdzylhQOwVCuLelPpTxji0OtiU29JFm","privKey":"MNKZqGUWaeqy35BLB4dsglqqnuCWY6XgM28bHWzYn2I="},"lastRemoteEphemeralKey":"Bb889G1cBilXUWr3TbR8iqozdQp0JpGODuz29RA9CEBh","previousCounter":0,"rootKey":"Zt1qsj+eF0oHHcGsIdn3Ui+dPosgFCYS7+ij3mozlvw="},"indexInfo":{"baseKey":"BTNyal6WqxbPcb815l0eNintA6LZ4QopaFpzgUm9UwIb","baseKeyType":1,"closed":1703345287277,"used":1703345286852,"created":1703345286852,"remoteIdentityKey":"BUFZ6aN/6vlSAFdfU95eqFqG5H+NdL6cU5VuvekA6th6"},"_chains":{"BbpszK7/sPQn0VdzylhQOwVCuLelPpTxji0OtiU29JFm":{"chainKey":{"counter":-1,"key":"0VH1OOILHXlr+m+cMgtTlRz4NY2XPh6czw3yfFZjOGw="},"chainType":1,"messageKeys":{}}},"pendingPreKey":{"signedKeyId":0,"baseKey":"BTNyal6WqxbPcb815l0eNintA6LZ4QopaFpzgUm9UwIb","preKeyId":4286632}},"BQHO9tbUrdVT0QZM4mShzfV4NyGeBKZB3bA5BjDKQCMz":{"registrationId":386195695,"currentRatchet":{"ephemeralKeyPair":{"pubKey":"BYh0/1joI+ahb4mRniILd645anbs7s1Muw8GGM8ey182","privKey":"cAR8f5ezLRiuqf1M3EZZV5Eh2qh0VdDYsM+ReRmduEM="},"lastRemoteEphemeralKey":"Bb889G1cBilXUWr3TbR8iqozdQp0JpGODuz29RA9CEBh","previousCounter":0,"rootKey":"j1XyURpnWB6AK9fjDoewY1NuKcfYyY1XDs9ZAZRIB+Y="},"indexInfo":{"baseKey":"BQHO9tbUrdVT0QZM4mShzfV4NyGeBKZB3bA5BjDKQCMz","baseKeyType":1,"closed":1703345287677,"used":1703345287274,"created":1703345287274,"remoteIdentityKey":"BUFZ6aN/6vlSAFdfU95eqFqG5H+NdL6cU5VuvekA6th6"},"_chains":{"BYh0/1joI+ahb4mRniILd645anbs7s1Muw8GGM8ey182":{"chainKey":{"counter":-1,"key":"rWCL1jlRhCOXghrKmgQs/b6rLYOY8wquUF/DGb6CoRg="},"chainType":1,"messageKeys":{}}},"pendingPreKey":{"signedKeyId":0,"baseKey":"BQHO9tbUrdVT0QZM4mShzfV4NyGeBKZB3bA5BjDKQCMz","preKeyId":4287371}},"BSsgWuqQFzWRTqwLPXJhiKS8zejrujp9PWnfhjqgsRoW":{"registrationId":386195695,"currentRatchet":{"ephemeralKeyPair":{"pubKey":"BbtXp/dqBKGVlijvupjS10CtJeAvrwU2BRs7QruQoAkD","privKey":"mH+C22lhSLVM9ybf55mp77rBJ57qfqdvV5rBvEIaMUE="},"lastRemoteEphemeralKey":"Bb889G1cBilXUWr3TbR8iqozdQp0JpGODuz29RA9CEBh","previousCounter":0,"rootKey":"MTQdueh27IUOiOdTEwgZA/ooOsyDy+kzHdXRqli1BjU="},"indexInfo":{"baseKey":"BSsgWuqQFzWRTqwLPXJhiKS8zejrujp9PWnfhjqgsRoW","baseKeyType":1,"closed":1703345292447,"used":1703345287674,"created":1703345287674,"remoteIdentityKey":"BUFZ6aN/6vlSAFdfU95eqFqG5H+NdL6cU5VuvekA6th6"},"_chains":{"BbtXp/dqBKGVlijvupjS10CtJeAvrwU2BRs7QruQoAkD":{"chainKey":{"counter":-1,"key":"v4mqET/ZTJ18lSEjjiMx06kGLjw4i4gA0NLEWo3ob8g="},"chainType":1,"messageKeys":{}}},"pendingPreKey":{"signedKeyId":0,"baseKey":"BSsgWuqQFzWRTqwLPXJhiKS8zejrujp9PWnfhjqgsRoW","preKeyId":4287362}},"BYtzbCwM7qcSxA7rnmxdlSQ6c7tDeqWlJkMq16VKuvV+":{"registrationId":386195695,"currentRatchet":{"ephemeralKeyPair":{"pubKey":"BTsrAai7BK79/dUyS/zoh/P2WOh/A/iKMz7f3WWNSzo9","privKey":"aGrr7P0XQeQr3IMHWtR2S5qH6QIZ89wH+Xpamr7HK3Q="},"lastRemoteEphemeralKey":"Bb889G1cBilXUWr3TbR8iqozdQp0JpGODuz29RA9CEBh","previousCounter":0,"rootKey":"twN++jFzX6SpCsNAa28jwGLal2K7cYXJE4m2mj2Rjfs="},"indexInfo":{"baseKey":"BYtzbCwM7qcSxA7rnmxdlSQ6c7tDeqWlJkMq16VKuvV+","baseKeyType":1,"closed":1703345293496,"used":1703345292444,"created":1703345292444,"remoteIdentityKey":"BUFZ6aN/6vlSAFdfU95eqFqG5H+NdL6cU5VuvekA6th6"},"_chains":{"BTsrAai7BK79/dUyS/zoh/P2WOh/A/iKMz7f3WWNSzo9":{"chainKey":{"counter":-1,"key":"euMJJUPzu94uSkzoeqPF9NmSr84wEfVuXqxAo2QtuFs="},"chainType":1,"messageKeys":{}}},"pendingPreKey":{"signedKeyId":0,"baseKey":"BYtzbCwM7qcSxA7rnmxdlSQ6c7tDeqWlJkMq16VKuvV+","preKeyId":4286619}},"Bf8hRTFKDeGRTXJ2SfTRvsBf28PWnz8fFSojYgVJLBhl":{"registrationId":386195695,"currentRatchet":{"ephemeralKeyPair":{"pubKey":"BaeB7mc/YNhTomwjbKU5pFnvLTATkCESWzW7gW52K/RG","privKey":"kP2+xrmHeIlrtUui9n0q8o3iOJ/vc6OYUuwZ94o6gW8="},"lastRemoteEphemeralKey":"Bb889G1cBilXUWr3TbR8iqozdQp0JpGODuz29RA9CEBh","previousCounter":0,"rootKey":"BiWq9CZh4iY7skyxr43JrgHTA9fUS1Bji249tJ90RLM="},"indexInfo":{"baseKey":"Bf8hRTFKDeGRTXJ2SfTRvsBf28PWnz8fFSojYgVJLBhl","baseKeyType":1,"closed":-1,"used":1703345293493,"created":1703345293493,"remoteIdentityKey":"BUFZ6aN/6vlSAFdfU95eqFqG5H+NdL6cU5VuvekA6th6"},"_chains":{"BaeB7mc/YNhTomwjbKU5pFnvLTATkCESWzW7gW52K/RG":{"chainKey":{"counter":0,"key":"v0tca//cFOA6M+6q9eJmVtx3pktSUtOX9lLtdkVGCd8="},"chainType":1,"messageKeys":{}}},"pendingPreKey":{"signedKeyId":0,"baseKey":"Bf8hRTFKDeGRTXJ2SfTRvsBf28PWnz8fFSojYgVJLBhl","preKeyId":4286558}}},"version":"v1"}