{"_sessions":{"BcLjLbk2YHEpIKO1ApM8OVQOhPl+eFpOBeBzIw5QF7QF":{"registrationId":182,"currentRatchet":{"ephemeralKeyPair":{"pubKey":"BVDx8NwBv+CNESLkczf5LDXWVNSpjkcSmHr9kEDES5wH","privKey":"SGT2fO2KhbeJQSfNnKRprOoGYe/7+5bMrhxv3uiB/28="},"lastRemoteEphemeralKey":"BbMrm0nfhTsEIXAauBUVL8mf5FZSbsHhxo0fWaAVbMlk","previousCounter":0,"rootKey":"G+CsWJFlgrYK3VEXTxc87ThOBmlHar/joMlCSxPzWLk="},"indexInfo":{"baseKey":"BcLjLbk2YHEpIKO1ApM8OVQOhPl+eFpOBeBzIw5QF7QF","baseKeyType":1,"closed":1703344631466,"used":1703344631440,"created":1703344631440,"remoteIdentityKey":"BVOd/uVB+FzWbwovWeoDkHiq+JWD2IKpIGTRLCB7bmQk"},"_chains":{"BVDx8NwBv+CNESLkczf5LDXWVNSpjkcSmHr9kEDES5wH":{"chainKey":{"counter":0,"key":"Gi27G3Q2Xf2HAMd86xMQusbt8KahW8UL3qqwVmqZOJs="},"chainType":1,"messageKeys":{}}},"pendingPreKey":{"signedKeyId":1,"baseKey":"BcLjLbk2YHEpIKO1ApM8OVQOhPl+eFpOBeBzIw5QF7QF","preKeyId":25}},"Bc/BjzWzedIGQ3Q9QVeNQuRfUxyZzjKtp9zqaTeU4Swv":{"registrationId":182,"currentRatchet":{"ephemeralKeyPair":{"pubKey":"BV8Ngi7XU5pM21BjNWW6l0T4V2U4g2/Wa2I9z2QhP6tv","privKey":"wLARfL3FDYC0YfCwdHoFQTdNLhydI3uZEpbJCjKJIkI="},"lastRemoteEphemeralKey":"BbMrm0nfhTsEIXAauBUVL8mf5FZSbsHhxo0fWaAVbMlk","previousCounter":0,"rootKey":"4cxnp8jwi+qedKUCzPe4ic+8G9WzMRIOKqs/NvouXNs="},"indexInfo":{"baseKey":"Bc/BjzWzedIGQ3Q9QVeNQuRfUxyZzjKtp9zqaTeU4Swv","baseKeyType":1,"closed":1703344631490,"used":1703344631463,"created":1703344631463,"remoteIdentityKey":"BVOd/uVB+FzWbwovWeoDkHiq+JWD2IKpIGTRLCB7bmQk"},"_chains":{"BV8Ngi7XU5pM21BjNWW6l0T4V2U4g2/Wa2I9z2QhP6tv":{"chainKey":{"counter":0,"key":"VssoxVM7JgAfL96Tta/cT9aRPFHT/cLLQS3lYK98bqg="},"chainType":1,"messageKeys":{}}},"pendingPreKey":{"signedKeyId":1,"baseKey":"Bc/BjzWzedIGQ3Q9QVeNQuRfUxyZzjKtp9zqaTeU4Swv","preKeyId":21}},"BbMQj0h8PU13wexk/H/S9waTJmn3G4kVCoK6QEus1QtJ":{"registrationId":182,"currentRatchet":{"ephemeralKeyPair":{"pubKey":"BR9DJwfm4UmquzXszQR2OBMOxYWoKG1keRbiEzUDaQ4x","privKey":"oJtq09uwFuY2sHHgJ+3ad9o+iK3W3exa6T7W/JVsDXs="},"lastRemoteEphemeralKey":"BbMrm0nfhTsEIXAauBUVL8mf5FZSbsHhxo0fWaAVbMlk","previousCounter":0,"rootKey":"EOR3coI1+EODQfJ7vjXydVvwmpImssUXO5ZZ2amvkQU="},"indexInfo":{"baseKey":"BbMQj0h8PU13wexk/H/S9waTJmn3G4kVCoK6QEus1QtJ","baseKeyType":1,"closed":1703344631523,"used":1703344631487,"created":1703344631487,"remoteIdentityKey":"BVOd/uVB+FzWbwovWeoDkHiq+JWD2IKpIGTRLCB7bmQk"},"_chains":{"BR9DJwfm4UmquzXszQR2OBMOxYWoKG1keRbiEzUDaQ4x":{"chainKey":{"counter":0,"key":"F9vlafkQy7YHjInUBhGJAOj7WpQqKah6I9dPy1p5AiA="},"chainType":1,"messageKeys":{}}},"pendingPreKey":{"signedKeyId":1,"baseKey":"BbMQj0h8PU13wexk/H/S9waTJmn3G4kVCoK6QEus1QtJ","preKeyId":9}},"BZEEU1A7x3kb5ubm+gN4hXtrpe/Y9XUorceT7m/h+Jxp":{"registrationId":182,"currentRatchet":{"ephemeralKeyPair":{"pubKey":"BYU2f/FASnc1B39LjSCldrJAtbrcXLbZ53Tu4g9zVVY6","privKey":"2EF6CmfXu1OH1yx7TpmHiwQ7CRbmeQHIRELM0rKvnnc="},"lastRemoteEphemeralKey":"BbMrm0nfhTsEIXAauBUVL8mf5FZSbsHhxo0fWaAVbMlk","previousCounter":0,"rootKey":"jL9GaanzWyBMjvOpye8wyiRFdUQ2XUOIW8B9Zs5jDwA="},"indexInfo":{"baseKey":"BZEEU1A7x3kb5ubm+gN4hXtrpe/Y9XUorceT7m/h+Jxp","baseKeyType":1,"closed":1703344631546,"used":1703344631520,"created":1703344631520,"remoteIdentityKey":"BVOd/uVB+FzWbwovWeoDkHiq+JWD2IKpIGTRLCB7bmQk"},"_chains":{"BYU2f/FASnc1B39LjSCldrJAtbrcXLbZ53Tu4g9zVVY6":{"chainKey":{"counter":0,"key":"zoysQVi1bH4Gfx554YaplH7Jd8ZqFZO4v4kyj3GuyqI="},"chainType":1,"messageKeys":{}}},"pendingPreKey":{"signedKeyId":1,"baseKey":"BZEEU1A7x3kb5ubm+gN4hXtrpe/Y9XUorceT7m/h+Jxp","preKeyId":8}},"BRjVuaGg4w5aEXaZOIl/4kaaUcNCoydkH7g9ia5zP4si":{"registrationId":182,"currentRatchet":{"ephemeralKeyPair":{"pubKey":"BeJVDKdGLAgTxoJg/GEGyPfe0x51lvVFj8r5zFd1Epww","privKey":"kCIn11StdvRT3W84gqy0Zmv1ktjGR6/ZOqMB4D9Kulk="},"lastRemoteEphemeralKey":"BbMrm0nfhTsEIXAauBUVL8mf5FZSbsHhxo0fWaAVbMlk","previousCounter":0,"rootKey":"T2RrmB4ZGxvfM75LdTH1Z4/H2UXKlXsxTgr/vm/0sBE="},"indexInfo":{"baseKey":"BRjVuaGg4w5aEXaZOIl/4kaaUcNCoydkH7g9ia5zP4si","baseKeyType":1,"closed":1703344631850,"used":1703344631544,"created":1703344631544,"remoteIdentityKey":"BVOd/uVB+FzWbwovWeoDkHiq+JWD2IKpIGTRLCB7bmQk"},"_chains":{"BeJVDKdGLAgTxoJg/GEGyPfe0x51lvVFj8r5zFd1Epww":{"chainKey":{"counter":0,"key":"lzMmEY30kxaB8pIL97sxaAxh+rG6rP/M2kwrFfiNnS4="},"chainType":1,"messageKeys":{}}},"pendingPreKey":{"signedKeyId":1,"baseKey":"BRjVuaGg4w5aEXaZOIl/4kaaUcNCoydkH7g9ia5zP4si","preKeyId":7}},"BdSVmIy/Op6vjWdKRa6YjQvcacO16ixAYYeC0nfO5UYv":{"registrationId":182,"currentRatchet":{"ephemeralKeyPair":{"pubKey":"BXMHLZvnSzBYnhchoWLm/YrccG5thowmKxuex4PlOMgx","privKey":"4F8lnqMfbqTQksmSiHssxTZPjQVH5mpvOGO5o6Ujd3s="},"lastRemoteEphemeralKey":"BbMrm0nfhTsEIXAauBUVL8mf5FZSbsHhxo0fWaAVbMlk","previousCounter":0,"rootKey":"LUuXzeoDv8+CMrmVaLJn55sakFFVh4bBvZzdAKI6B94="},"indexInfo":{"baseKey":"BdSVmIy/Op6vjWdKRa6YjQvcacO16ixAYYeC0nfO5UYv","baseKeyType":1,"closed":1703344631946,"used":1703344631848,"created":1703344631848,"remoteIdentityKey":"BVOd/uVB+FzWbwovWeoDkHiq+JWD2IKpIGTRLCB7bmQk"},"_chains":{"BXMHLZvnSzBYnhchoWLm/YrccG5thowmKxuex4PlOMgx":{"chainKey":{"counter":1,"key":"CS6750SlByi58JGkn4bDisxCOytBoJSb8MQ6DAbpq6Y="},"chainType":1,"messageKeys":{}}},"pendingPreKey":{"signedKeyId":1,"baseKey":"BdSVmIy/Op6vjWdKRa6YjQvcacO16ixAYYeC0nfO5UYv","preKeyId":14}},"BQgRpd67Mf/3seDSygTjZ+yFqxqvusQHIY62aOspw1ti":{"registrationId":182,"currentRatchet":{"ephemeralKeyPair":{"pubKey":"BeXIf4iy+bmThLCQlCzEBA56rD2QEr2gyrECb/Q0T1IR","privKey":"gPeHMCqsZsh1rYz9+GnD05FYK9RPcejJGpp3/L6XU2I="},"lastRemoteEphemeralKey":"BbMrm0nfhTsEIXAauBUVL8mf5FZSbsHhxo0fWaAVbMlk","previousCounter":0,"rootKey":"6QJsJMp/sgYV73iCdEvKBABuPXohPyzfPy3cy87TMJA="},"indexInfo":{"baseKey":"BQgRpd67Mf/3seDSygTjZ+yFqxqvusQHIY62aOspw1ti","baseKeyType":1,"closed":1703344631965,"used":1703344631944,"created":1703344631944,"remoteIdentityKey":"BVOd/uVB+FzWbwovWeoDkHiq+JWD2IKpIGTRLCB7bmQk"},"_chains":{"BeXIf4iy+bmThLCQlCzEBA56rD2QEr2gyrECb/Q0T1IR":{"chainKey":{"counter":0,"key":"2dEJZlhnAR/xHugxflTKqxZGpqWpVeRTbjy7lLh7qOA="},"chainType":1,"messageKeys":{}}},"pendingPreKey":{"signedKeyId":1,"baseKey":"BQgRpd67Mf/3seDSygTjZ+yFqxqvusQHIY62aOspw1ti","preKeyId":29}},"BQBS7Tcp+mojXTY31Qb8HCs/HiRuWm34q479/BOcWQdf":{"registrationId":182,"currentRatchet":{"ephemeralKeyPair":{"pubKey":"BUx5JDs465eJ1GFSBbjzWVgQvytrxFwGQGqPB4bDJNNZ","privKey":"WHGrZmC9n0/PtNw3Eh8ZP/4f5SpzjlVI+/nyWBCDo3I="},"lastRemoteEphemeralKey":"BbMrm0nfhTsEIXAauBUVL8mf5FZSbsHhxo0fWaAVbMlk","previousCounter":0,"rootKey":"6UwYt1usG1Fw/d9QSJVw5o1i7Z4LM9pjyGISLyTKPtY="},"indexInfo":{"baseKey":"BQBS7Tcp+mojXTY31Qb8HCs/HiRuWm34q479/BOcWQdf","baseKeyType":1,"closed":-1,"used":1703344631964,"created":1703344631964,"remoteIdentityKey":"BVOd/uVB+FzWbwovWeoDkHiq+JWD2IKpIGTRLCB7bmQk"},"_chains":{"BUx5JDs465eJ1GFSBbjzWVgQvytrxFwGQGqPB4bDJNNZ":{"chainKey":{"counter":113,"key":"u+hQuy3OkKN7wJD87RsjP+29G5AjBGTkvt4hujnjfA4="},"chainType":1,"messageKeys":{}}},"pendingPreKey":{"signedKeyId":1,"baseKey":"BQBS7Tcp+mojXTY31Qb8HCs/HiRuWm34q479/BOcWQdf","preKeyId":13}}},"version":"v1"}