[
  {
    "jid": "62857014792457@s.whatsapp.net",
    "db": [
      {
        "nama": "#menu",
        "count": 5
      },
      {
        "nama": "#nsfwmenu",
        "count": 1
      },
      {
        "nama": "#valmenu",
        "count": 2
      },
      {
        "nama": "#ownermenu",
        "count": 1
      },
      {
        "nama": "#islammenu",
        "count": 1
      },
      {
        "nama": "#logomenu",
        "count": 2
      }
    ]
  },
  {
    "jid": "6285701479245@s.whatsapp.net",
    "db": [
      {
        "nama": "#menu",
        "count": 1
      },
      {
        "nama": "#valmenu",
        "count": 3
      },
      {
        "nama": "#allmenu",
        "count": 3
      },
      {
        "nama": "#logomenu",
        "count": 1
      }
    ]
  }
]