[{"id":"6285727631507@s.whatsapp.net","xp":1,"level":1},{"id":"6285727631507@s.whatsapp.net","xp":1,"level":1},{"id":"6285727631507@s.whatsapp.net","xp":1,"level":1},{"id":"6285727631507@s.whatsapp.net","xp":1,"level":1},{"id":"6285727631507@s.whatsapp.net","xp":1,"level":1},{"id":"6285727631507@s.whatsapp.net","xp":1,"level":1},{"id":"6285600793871@s.whatsapp.net","xp":1,"level":1},{"id":"6285742858312@s.whatsapp.net","xp":1,"level":1},{"id":"6289508644702@s.whatsapp.net","xp":1,"level":1},{"id":"6285600793871@s.whatsapp.net","xp":1,"level":1},{"id":"6285600793871@s.whatsapp.net","xp":1,"level":1},{"id":"6289508644702@s.whatsapp.net","xp":1,"level":1},{"id":"6285600793871@s.whatsapp.net","xp":1,"level":1},{"id":"6285600793871@s.whatsapp.net","xp":1,"level":1},{"id":"6285727631507@s.whatsapp.net","xp":1,"level":1},{"id":"6285600793871@s.whatsapp.net","xp":1,"level":1},{"id":"6285727341138@s.whatsapp.net","xp":1,"level":1},{"id":"6285727631507@s.whatsapp.net","xp":1,"level":1},{"id":"6285600793871@s.whatsapp.net","xp":1,"level":1},{"id":"6285600793871@s.whatsapp.net","xp":1,"level":1},{"id":"6285700871480@s.whatsapp.net","xp":1,"level":1},{"id":"6285727631507@s.whatsapp.net","xp":1,"level":1},{"id":"6285600793871@s.whatsapp.net","xp":1,"level":1},{"id":"6285600793871@s.whatsapp.net","xp":1,"level":1},{"id":"6285600793871@s.whatsapp.net","xp":1,"level":1},{"id":"6285600793871@s.whatsapp.net","xp":1,"level":1},{"id":"6285742858312@s.whatsapp.net","xp":1,"level":1},{"id":"6285600793871@s.whatsapp.net","xp":1,"level":1},{"id":"6285741759235@s.whatsapp.net","xp":1,"level":1},{"id":"6285600793871@s.whatsapp.net","xp":1,"level":1},{"id":"6287773575631@s.whatsapp.net","xp":1,"level":1},{"id":"6285727631507@s.whatsapp.net","xp":1,"level":1},{"id":"6285727631507@s.whatsapp.net","xp":1,"level":1},{"id":"6285600793871@s.whatsapp.net","xp":1,"level":1},{"id":"6285600793871@s.whatsapp.net","xp":1,"level":1},{"id":"6285727631507@s.whatsapp.net","xp":1,"level":1},{"id":"6289508644702@s.whatsapp.net","xp":1,"level":1},{"id":"6283876395282@s.whatsapp.net","xp":1,"level":1},{"id":"6285600793871@s.whatsapp.net","xp":1,"level":1},{"id":"6285727631507@s.whatsapp.net","xp":1,"level":1},{"id":"6285600793871@s.whatsapp.net","xp":1,"level":1},{"id":"6289508644702@s.whatsapp.net","xp":1,"level":1},{"id":"62895415497664@s.whatsapp.net","xp":1,"level":1},{"id":"62895415497664@s.whatsapp.net","xp":1,"level":1},{"id":"6285727631507@s.whatsapp.net","xp":1,"level":1},{"id":"6285727631507@s.whatsapp.net","xp":1,"level":1},{"id":"62895415497664@s.whatsapp.net","xp":1,"level":1},{"id":"6285600793871@s.whatsapp.net","xp":1,"level":1},{"id":"6283131633983@s.whatsapp.net","xp":1,"level":1},{"id":"6289508644702@s.whatsapp.net","xp":1,"level":1},{"id":"6285600793871@s.whatsapp.net","xp":1,"level":1},{"id":"6285727631507@s.whatsapp.net","xp":1,"level":1},{"id":"6281546863465@s.whatsapp.net","xp":1,"level":1},{"id":"6289508644702@s.whatsapp.net","xp":1,"level":1},{"id":"6289508644702@s.whatsapp.net","xp":1,"level":1},{"id":"6289508644702@s.whatsapp.net","xp":1,"level":1},{"id":"6283131633983@s.whatsapp.net","xp":1,"level":1},{"id":"6281546863465@s.whatsapp.net","xp":1,"level":1},{"id":"6285600793871@s.whatsapp.net","xp":1,"level":1},{"id":"6285600793871@s.whatsapp.net","xp":1,"level":1},{"id":"6281546863465@s.whatsapp.net","xp":1,"level":1},{"id":"6283876395282@s.whatsapp.net","xp":1,"level":1},{"id":"6285600793871@s.whatsapp.net","xp":1,"level":1},{"id":"6283876395282@s.whatsapp.net","xp":1,"level":1},{"id":"6287798647593@s.whatsapp.net","xp":1,"level":1},{"id":"6285727631507@s.whatsapp.net","xp":1,"level":1},{"id":"6285600793871@s.whatsapp.net","xp":1,"level":1},{"id":"6287798647593@s.whatsapp.net","xp":1,"level":1},{"id":"6285727631507@s.whatsapp.net","xp":1,"level":1},{"id":"6289508644702@s.whatsapp.net","xp":1,"level":1},{"id":"6285600793871@s.whatsapp.net","xp":1,"level":1},{"id":"6285600793871@s.whatsapp.net","xp":1,"level":1},{"id":"6285600793871@s.whatsapp.net","xp":1,"level":1},{"id":"6285600793871@s.whatsapp.net","xp":1,"level":1},{"id":"6285600793871@s.whatsapp.net","xp":1,"level":1},{"id":"6285600793871@s.whatsapp.net","xp":1,"level":1},{"id":"6285600793871@s.whatsapp.net","xp":1,"level":1},{"id":"6287798647593@s.whatsapp.net","xp":1,"level":1},{"id":"6287798647593@s.whatsapp.net","xp":1,"level":1},{"id":"6287798647593@s.whatsapp.net","xp":1,"level":1},{"id":"6285600793871@s.whatsapp.net","xp":1,"level":1},{"id":"6285600793871@s.whatsapp.net","xp":1,"level":1},{"id":"6285600793871@s.whatsapp.net","xp":1,"level":1},{"id":"6285600793871@s.whatsapp.net","xp":1,"level":1},{"id":"62895415497664@s.whatsapp.net","xp":1,"level":1},{"id":"6285727631507@s.whatsapp.net","xp":1,"level":1},{"id":"6285600793871@s.whatsapp.net","xp":1,"level":1},{"id":"6285727631507@s.whatsapp.net","xp":1,"level":1},{"id":"62895415497664@s.whatsapp.net","xp":1,"level":1},{"id":"6285600793871@s.whatsapp.net","xp":1,"level":1},{"id":"62895415497664@s.whatsapp.net","xp":1,"level":1},{"id":"6285727631507@s.whatsapp.net","xp":1,"level":1},{"id":"6285600793871@s.whatsapp.net","xp":1,"level":1},{"id":"622150942316@s.whatsapp.net","xp":1,"level":1},{"id":"6289508644702@s.whatsapp.net","xp":1,"level":1},{"id":"6285727631507@s.whatsapp.net","xp":1,"level":1},{"id":"6285600793871@s.whatsapp.net","xp":1,"level":1},{"id":"6285600793871@s.whatsapp.net","xp":1,"level":1},{"id":"6285600793871@s.whatsapp.net","xp":1,"level":1},{"id":"6285727631507@s.whatsapp.net","xp":1,"level":1},{"id":"6285600793871@s.whatsapp.net","xp":1,"level":1},{"id":"6287798647593@s.whatsapp.net","xp":1,"level":1},{"id":"6285727341138@s.whatsapp.net","xp":1,"level":1},{"id":"6285600793871@s.whatsapp.net","xp":1,"level":1},{"id":"6285600793871@s.whatsapp.net","xp":1,"level":1},{"id":"6285600793871@s.whatsapp.net","xp":1,"level":1},{"id":"6285600793871@s.whatsapp.net","xp":1,"level":1},{"id":"6285600793871@s.whatsapp.net","xp":1,"level":1},{"id":"6283876395282@s.whatsapp.net","xp":1,"level":1},{"id":"6285600793871@s.whatsapp.net","xp":1,"level":1},{"id":"6285727631507@s.whatsapp.net","xp":1,"level":1},{"id":"6285727631507@s.whatsapp.net","xp":1,"level":1},{"id":"6285600793871@s.whatsapp.net","xp":1,"level":1},{"id":"6285600793871@s.whatsapp.net","xp":1,"level":1},{"id":"6285600793871@s.whatsapp.net","xp":1,"level":1},{"id":"6285600793871@s.whatsapp.net","xp":1,"level":1},{"id":"6289508644702@s.whatsapp.net","xp":1,"level":1},{"id":"6287798647593@s.whatsapp.net","xp":1,"level":1},{"id":"6285600793871@s.whatsapp.net","xp":1,"level":1},{"id":"6287798647593@s.whatsapp.net","xp":1,"level":1},{"id":"6285600793871@s.whatsapp.net","xp":1,"level":1},{"id":"6285727631507@s.whatsapp.net","xp":1,"level":1},{"id":"6285600793871@s.whatsapp.net","xp":1,"level":1},{"id":"6285600793871@s.whatsapp.net","xp":1,"level":1},{"id":"6285600793871@s.whatsapp.net","xp":1,"level":1},{"id":"6285600793871@s.whatsapp.net","xp":1,"level":1},{"id":"6285741759235@s.whatsapp.net","xp":1,"level":1},{"id":"6285727631507@s.whatsapp.net","xp":1,"level":1},{"id":"6285741759235@s.whatsapp.net","xp":1,"level":1},{"id":"6285727631507@s.whatsapp.net","xp":1,"level":1},{"id":"6285600793871@s.whatsapp.net","xp":1,"level":1},{"id":"6285727631507@s.whatsapp.net","xp":1,"level":1},{"id":"6285600793871@s.whatsapp.net","xp":1,"level":1},{"id":"6285727341138@s.whatsapp.net","xp":1,"level":1},{"id":"6283876395282@s.whatsapp.net","xp":1,"level":1},{"id":"6285600793871@s.whatsapp.net","xp":1,"level":1},{"id":"6283876395282@s.whatsapp.net","xp":1,"level":1},{"id":"6289508644702@s.whatsapp.net","xp":1,"level":1},{"id":"6283876395282@s.whatsapp.net","xp":1,"level":1},{"id":"6281539258636@s.whatsapp.net","xp":1,"level":1},{"id":"6285600793871@s.whatsapp.net","xp":1,"level":1},{"id":"6285727341138@s.whatsapp.net","xp":1,"level":1},{"id":"6285600793871@s.whatsapp.net","xp":1,"level":1},{"id":"6285600793871@s.whatsapp.net","xp":1,"level":1},{"id":"6285727631507@s.whatsapp.net","xp":1,"level":1},{"id":"6285600793871@s.whatsapp.net","xp":1,"level":1},{"id":"6283876395282@s.whatsapp.net","xp":1,"level":1},{"id":"6289508644702@s.whatsapp.net","xp":1,"level":1},{"id":"62895415497664@s.whatsapp.net","xp":1,"level":1},{"id":"6285741759235@s.whatsapp.net","xp":1,"level":1},{"id":"6285727631507@s.whatsapp.net","xp":1,"level":1},{"id":"6285727341138@s.whatsapp.net","xp":1,"level":1},{"id":"6285226056859@s.whatsapp.net","xp":1,"level":1},{"id":"6285876368973@s.whatsapp.net","xp":1,"level":1},{"id":"6285643392726@s.whatsapp.net","xp":1,"level":1},{"id":"6285867603570@s.whatsapp.net","xp":1,"level":1},{"id":"6289666615556@s.whatsapp.net","xp":1,"level":1},{"id":"6285700871480@s.whatsapp.net","xp":1,"level":1},{"id":"6285600793871@s.whatsapp.net","xp":1,"level":1},{"id":"6283876395282@s.whatsapp.net","xp":1,"level":1},{"id":"6285600793871@s.whatsapp.net","xp":1,"level":1},{"id":"6283876395282@s.whatsapp.net","xp":1,"level":1},{"id":"6285600793871@s.whatsapp.net","xp":1,"level":1},{"id":"6285600793871@s.whatsapp.net","xp":1,"level":1},{"id":"6285600793871@s.whatsapp.net","xp":1,"level":1},{"id":"6285600793871@s.whatsapp.net","xp":1,"level":1},{"id":"6285600793871@s.whatsapp.net","xp":1,"level":1},{"id":"6285600793871@s.whatsapp.net","xp":1,"level":1},{"id":"62895415497664@s.whatsapp.net","xp":1,"level":1},{"id":"6285600793871@s.whatsapp.net","xp":1,"level":1},{"id":"62895415497664@s.whatsapp.net","xp":1,"level":1},{"id":"6285727631507@s.whatsapp.net","xp":1,"level":1},{"id":"6285600793871@s.whatsapp.net","xp":1,"level":1},{"id":"6285600793871@s.whatsapp.net","xp":1,"level":1},{"id":"62895415497664@s.whatsapp.net","xp":1,"level":1},{"id":"6285600793871@s.whatsapp.net","xp":1,"level":1},{"id":"6285600793871@s.whatsapp.net","xp":1,"level":1},{"id":"6285727341138@s.whatsapp.net","xp":1,"level":1},{"id":"6285727631507@s.whatsapp.net","xp":1,"level":1},{"id":"6283139105820@s.whatsapp.net","xp":1,"level":1},{"id":"62895415497664@s.whatsapp.net","xp":1,"level":1},{"id":"6285226056859@s.whatsapp.net","xp":1,"level":1},{"id":"6285878970732@s.whatsapp.net","xp":1,"level":1},{"id":"6285712353110@s.whatsapp.net","xp":1,"level":1},{"id":"6285701552455@s.whatsapp.net","xp":1,"level":1},{"id":"6289666615556@s.whatsapp.net","xp":1,"level":1},{"id":"6281944636729@s.whatsapp.net","xp":1,"level":1},{"id":"6283876395282@s.whatsapp.net","xp":1,"level":1},{"id":"6287773800111@s.whatsapp.net","xp":1,"level":1},{"id":"6289689569971@s.whatsapp.net","xp":1,"level":1},{"id":"6285876368973@s.whatsapp.net","xp":1,"level":1},{"id":"6285741759235@s.whatsapp.net","xp":1,"level":1},{"id":"6285741595027@s.whatsapp.net","xp":1,"level":1},{"id":"6285743644915@s.whatsapp.net","xp":1,"level":1},{"id":"6287798647593@s.whatsapp.net","xp":1,"level":1},{"id":"6285600793871@s.whatsapp.net","xp":1,"level":1},{"id":"6285727631507@s.whatsapp.net","xp":1,"level":1},{"id":"6287798647593@s.whatsapp.net","xp":1,"level":1},{"id":"6281944636729@s.whatsapp.net","xp":1,"level":1},{"id":"6285226056859@s.whatsapp.net","xp":1,"level":1},{"id":"6289666615556@s.whatsapp.net","xp":1,"level":1},{"id":"6285743644915@s.whatsapp.net","xp":1,"level":1},{"id":"6282328687712@s.whatsapp.net","xp":1,"level":1},{"id":"6285876368973@s.whatsapp.net","xp":1,"level":1},{"id":"6281575621348@s.whatsapp.net","xp":1,"level":1},{"id":"6282133807375@s.whatsapp.net","xp":1,"level":1},{"id":"6283131633983@s.whatsapp.net","xp":1,"level":1},{"id":"6289612541686@s.whatsapp.net","xp":1,"level":1},{"id":"6285727341138@s.whatsapp.net","xp":1,"level":1},{"id":"6285859709552@s.whatsapp.net","xp":1,"level":1},{"id":"6285859709552@s.whatsapp.net","xp":1,"level":1},{"id":"6287855793074@s.whatsapp.net","xp":1,"level":1},{"id":"6283195749042@s.whatsapp.net","xp":1,"level":1},{"id":"6285773750763@s.whatsapp.net","xp":1,"level":1},{"id":"6285779604705@s.whatsapp.net","xp":1,"level":1},{"id":"6283116764135@s.whatsapp.net","xp":1,"level":1},{"id":"6282118484275@s.whatsapp.net","xp":1,"level":1},{"id":"6282111785203@s.whatsapp.net","xp":1,"level":1},{"id":"6288232739101@s.whatsapp.net","xp":1,"level":1},{"id":"6281262290573@s.whatsapp.net","xp":1,"level":1},{"id":"6289689569971@s.whatsapp.net","xp":1,"level":1},{"id":"6289637381628@s.whatsapp.net","xp":1,"level":1},{"id":"6281262339320@s.whatsapp.net","xp":1,"level":1},{"id":"6283898966833@s.whatsapp.net","xp":1,"level":1},{"id":"6282184642419@s.whatsapp.net","xp":1,"level":1},{"id":"6285746839404@s.whatsapp.net","xp":1,"level":1},{"id":"62895411238610@s.whatsapp.net","xp":1,"level":1},{"id":"6281261394551@s.whatsapp.net","xp":1,"level":1},{"id":"6281943406216@s.whatsapp.net","xp":1,"level":1},{"id":"6281371465614@s.whatsapp.net","xp":1,"level":1},{"id":"6282278968060@s.whatsapp.net","xp":1,"level":1},{"id":"6289502172186@s.whatsapp.net","xp":1,"level":1},{"id":"6282281247751@s.whatsapp.net","xp":1,"level":1},{"id":"6282117049287@s.whatsapp.net","xp":1,"level":1},{"id":"6285707723690@s.whatsapp.net","xp":1,"level":1},{"id":"6285727631507@s.whatsapp.net","xp":1,"level":1},{"id":"6285727631507@s.whatsapp.net","xp":1,"level":1},{"id":"6285727631507@s.whatsapp.net","xp":1,"level":1},{"id":"6285727631507@s.whatsapp.net","xp":1,"level":1},{"id":"6285727631507@s.whatsapp.net","xp":1,"level":1},{"id":"6285727631507@s.whatsapp.net","xp":1,"level":1},{"id":"6285727631507@s.whatsapp.net","xp":1,"level":1},{"id":"6285727631507@s.whatsapp.net","xp":1,"level":1},{"id":"6285600793871@s.whatsapp.net","xp":1,"level":1},{"id":"6285600793871@s.whatsapp.net","xp":1,"level":1},{"id":"6285727631507@s.whatsapp.net","xp":1,"level":1},{"id":"6285600793871@s.whatsapp.net","xp":1,"level":1},{"id":"6285727631507@s.whatsapp.net","xp":1,"level":1},{"id":"6285600793871@s.whatsapp.net","xp":1,"level":1},{"id":"6282328687712@s.whatsapp.net","xp":1,"level":1},{"id":"6283898966833@s.whatsapp.net","xp":1,"level":1},{"id":"6283195749042@s.whatsapp.net","xp":1,"level":1},{"id":"6283116764135@s.whatsapp.net","xp":1,"level":1},{"id":"6285700871480@s.whatsapp.net","xp":1,"level":1},{"id":"6283897092631@s.whatsapp.net","xp":1,"level":1},{"id":"6285707723690@s.whatsapp.net","xp":1,"level":1},{"id":"6281944636729@s.whatsapp.net","xp":1,"level":1},{"id":"6289666615556@s.whatsapp.net","xp":1,"level":1},{"id":"6285701552455@s.whatsapp.net","xp":1,"level":1},{"id":"6285779604705@s.whatsapp.net","xp":1,"level":1},{"id":"6285741595027@s.whatsapp.net","xp":1,"level":1},{"id":"6285643392726@s.whatsapp.net","xp":1,"level":1},{"id":"6285743644915@s.whatsapp.net","xp":1,"level":1},{"id":"6285226056859@s.whatsapp.net","xp":1,"level":1},{"id":"6285867603570@s.whatsapp.net","xp":1,"level":1},{"id":"6285866028195@s.whatsapp.net","xp":1,"level":1},{"id":"6289689569971@s.whatsapp.net","xp":1,"level":1},{"id":"6285727341138@s.whatsapp.net","xp":1,"level":1},{"id":"6285727631507@s.whatsapp.net","xp":1,"level":1},{"id":"6285727631507@s.whatsapp.net","xp":1,"level":1},{"id":"6285727631507@s.whatsapp.net","xp":1,"level":1},{"id":"6285727631507@s.whatsapp.net","xp":1,"level":1},{"id":"6285727631507@s.whatsapp.net","xp":1,"level":1},{"id":"6285727631507@s.whatsapp.net","xp":1,"level":1},{"id":"6285727631507@s.whatsapp.net","xp":1,"level":1},{"id":"6285727631507@s.whatsapp.net","xp":1,"level":1},{"id":"6285727631507@s.whatsapp.net","xp":1,"level":1},{"id":"6285727631507@s.whatsapp.net","xp":1,"level":1},{"id":"6285727631507@s.whatsapp.net","xp":1,"level":1},{"id":"6285727631507@s.whatsapp.net","xp":1,"level":1},{"id":"6285727631507@s.whatsapp.net","xp":1,"level":1},{"id":"6285727631507@s.whatsapp.net","xp":1,"level":1},{"id":"6285727631507@s.whatsapp.net","xp":1,"level":1},{"id":"6285727631507@s.whatsapp.net","xp":1,"level":1},{"id":"6285600793871@s.whatsapp.net","xp":1,"level":1},{"id":"6285727631507@s.whatsapp.net","xp":1,"level":1},{"id":"6285727631507@s.whatsapp.net","xp":1,"level":1},{"id":"6285727631507@s.whatsapp.net","xp":1,"level":1},{"id":"6285727631507@s.whatsapp.net","xp":1,"level":1},{"id":"6285727631507@s.whatsapp.net","xp":1,"level":1},{"id":"6285727631507@s.whatsapp.net","xp":1,"level":1},{"id":"6285600793871@s.whatsapp.net","xp":1,"level":1},{"id":"6285727631507@s.whatsapp.net","xp":1,"level":1},{"id":"6285727631507@s.whatsapp.net","xp":1,"level":1},{"id":"6285727631507@s.whatsapp.net","xp":1,"level":1},{"id":"6285727631507@s.whatsapp.net","xp":1,"level":1},{"id":"6285727631507@s.whatsapp.net","xp":1,"level":1},{"id":"6285727631507@s.whatsapp.net","xp":1,"level":1},{"id":"6285600793871@s.whatsapp.net","xp":1,"level":1},{"id":"6285727631507@s.whatsapp.net","xp":1,"level":1},{"id":"6285727631507@s.whatsapp.net","xp":1,"level":1},{"id":"6285727631507@s.whatsapp.net","xp":1,"level":1},{"id":"6285727631507@s.whatsapp.net","xp":1,"level":1},{"id":"6285727631507@s.whatsapp.net","xp":1,"level":1},{"id":"6285727631507@s.whatsapp.net","xp":1,"level":1},{"id":"6285600793871@s.whatsapp.net","xp":1,"level":1},{"id":"6283195749042@s.whatsapp.net","xp":1,"level":1},{"id":"6285727631507@s.whatsapp.net","xp":1,"level":1},{"id":"6285727631507@s.whatsapp.net","xp":1,"level":1},{"id":"6285727631507@s.whatsapp.net","xp":1,"level":1},{"id":"6285727631507@s.whatsapp.net","xp":1,"level":1},{"id":"6285727631507@s.whatsapp.net","xp":1,"level":1},{"id":"6285727631507@s.whatsapp.net","xp":1,"level":1},{"id":"6285727631507@s.whatsapp.net","xp":1,"level":1},{"id":"6285727631507@s.whatsapp.net","xp":1,"level":1},{"id":"6285600793871@s.whatsapp.net","xp":1,"level":1},{"id":"6285600793871@s.whatsapp.net","xp":1,"level":1},{"id":"6285727631507@s.whatsapp.net","xp":1,"level":1},{"id":"6285727631507@s.whatsapp.net","xp":1,"level":1},{"id":"6285727631507@s.whatsapp.net","xp":1,"level":1},{"id":"6285727631507@s.whatsapp.net","xp":1,"level":1},{"id":"6285727631507@s.whatsapp.net","xp":1,"level":1},{"id":"6285727631507@s.whatsapp.net","xp":1,"level":1},{"id":"6285727631507@s.whatsapp.net","xp":1,"level":1},{"id":"6285727631507@s.whatsapp.net","xp":1,"level":1},{"id":"6285600793871@s.whatsapp.net","xp":1,"level":1},{"id":"6281944636729@s.whatsapp.net","xp":1,"level":1},{"id":"6285600793871@s.whatsapp.net","xp":1,"level":1},{"id":"6285600793871@s.whatsapp.net","xp":1,"level":1},{"id":"6285727631507@s.whatsapp.net","xp":1,"level":1},{"id":"6285727631507@s.whatsapp.net","xp":1,"level":1},{"id":"6285727631507@s.whatsapp.net","xp":1,"level":1},{"id":"6285727631507@s.whatsapp.net","xp":1,"level":1},{"id":"6285600793871@s.whatsapp.net","xp":1,"level":1},{"id":"6281944636729@s.whatsapp.net","xp":1,"level":1},{"id":"6285600793871@s.whatsapp.net","xp":1,"level":1},{"id":"6289508644702@s.whatsapp.net","xp":1,"level":1},{"id":"6285727631507@s.whatsapp.net","xp":1,"level":1},{"id":"622150942316@s.whatsapp.net","xp":1,"level":1},{"id":"6285727341138@s.whatsapp.net","xp":1,"level":1},{"id":"6283898966833@s.whatsapp.net","xp":1,"level":1},{"id":"6283876395282@s.whatsapp.net","xp":1,"level":1},{"id":"6285779604705@s.whatsapp.net","xp":1,"level":1},{"id":"6282117049287@s.whatsapp.net","xp":1,"level":1},{"id":"6281262339320@s.whatsapp.net","xp":1,"level":1},{"id":"6282111785203@s.whatsapp.net","xp":1,"level":1},{"id":"6282184642419@s.whatsapp.net","xp":1,"level":1},{"id":"6285773750763@s.whatsapp.net","xp":1,"level":1},{"id":"62895411238610@s.whatsapp.net","xp":1,"level":1},{"id":"6288232739101@s.whatsapp.net","xp":1,"level":1},{"id":"6285850184494@s.whatsapp.net","xp":1,"level":1},{"id":"6289637381628@s.whatsapp.net","xp":1,"level":1},{"id":"6282278186745@s.whatsapp.net","xp":1,"level":1},{"id":"6282319668077@s.whatsapp.net","xp":1,"level":1},{"id":"6282281247751@s.whatsapp.net","xp":1,"level":1},{"id":"6282133807375@s.whatsapp.net","xp":1,"level":1},{"id":"6283131633983@s.whatsapp.net","xp":1,"level":1},{"id":"6287833462942@s.whatsapp.net","xp":1,"level":1},{"id":"6283853066350@s.whatsapp.net","xp":1,"level":1},{"id":"6282368887903@s.whatsapp.net","xp":1,"level":1},{"id":"6281919981712@s.whatsapp.net","xp":1,"level":1},{"id":"6282328687712@s.whatsapp.net","xp":1,"level":1},{"id":"6285859458975@s.whatsapp.net","xp":1,"level":1},{"id":"628992678209@s.whatsapp.net","xp":1,"level":1},{"id":"6289530974840@s.whatsapp.net","xp":1,"level":1},{"id":"6281229359919@s.whatsapp.net","xp":1,"level":1},{"id":"6289502172186@s.whatsapp.net","xp":1,"level":1},{"id":"6285746839404@s.whatsapp.net","xp":1,"level":1},{"id":"6281223031432@s.whatsapp.net","xp":1,"level":1},{"id":"6282136739197@s.whatsapp.net","xp":1,"level":1},{"id":"62895635756762@s.whatsapp.net","xp":1,"level":1},{"id":"6285745973067@s.whatsapp.net","xp":1,"level":1},{"id":"6287798647593@s.whatsapp.net","xp":1,"level":1},{"id":"6281539258636@s.whatsapp.net","xp":1,"level":1},{"id":"6285742858312@s.whatsapp.net","xp":1,"level":1},{"id":"6285784319116@s.whatsapp.net","xp":1,"level":1},{"id":"62895324108523@s.whatsapp.net","xp":1,"level":1},{"id":"6283195749042@s.whatsapp.net","xp":1,"level":1},{"id":"6285731860475@s.whatsapp.net","xp":1,"level":1},{"id":"6285882271079@s.whatsapp.net","xp":1,"level":1},{"id":"6287765444211@s.whatsapp.net","xp":1,"level":1},{"id":"6283873929455@s.whatsapp.net","xp":1,"level":1},{"id":"6283861562301@s.whatsapp.net","xp":1,"level":1},{"id":"6289627021201@s.whatsapp.net","xp":1,"level":1},{"id":"6285716011909@s.whatsapp.net","xp":1,"level":1},{"id":"6285701552455@s.whatsapp.net","xp":1,"level":1},{"id":"6285876368973@s.whatsapp.net","xp":1,"level":1},{"id":"6287771177240@s.whatsapp.net","xp":1,"level":1},{"id":"6281646869482@s.whatsapp.net","xp":1,"level":1},{"id":"6289666615556@s.whatsapp.net","xp":1,"level":1},{"id":"6283116764135@s.whatsapp.net","xp":1,"level":1},{"id":"6285727631507@s.whatsapp.net","xp":1,"level":1},{"id":"6285727631507@s.whatsapp.net","xp":1,"level":1},{"id":"6285727631507@s.whatsapp.net","xp":1,"level":1},{"id":"6285727631507@s.whatsapp.net","xp":1,"level":1},{"id":"6285727631507@s.whatsapp.net","xp":1,"level":1},{"id":"6285727631507@s.whatsapp.net","xp":1,"level":1},{"id":"6285727631507@s.whatsapp.net","xp":1,"level":1},{"id":"6285600793871@s.whatsapp.net","xp":1,"level":1},{"id":"6282111785203@s.whatsapp.net","xp":1,"level":1},{"id":"6287798647593@s.whatsapp.net","xp":1,"level":1},{"id":"6281262339320@s.whatsapp.net","xp":1,"level":1},{"id":"6282328687712@s.whatsapp.net","xp":1,"level":1},{"id":"6288232739101@s.whatsapp.net","xp":1,"level":1},{"id":"6287798647593@s.whatsapp.net","xp":1,"level":1},{"id":"6285773750763@s.whatsapp.net","xp":1,"level":1},{"id":"6282328687712@s.whatsapp.net","xp":1,"level":1},{"id":"6282111785203@s.whatsapp.net","xp":1,"level":1},{"id":"6285727631507@s.whatsapp.net","xp":1,"level":1},{"id":"6281223031432@s.whatsapp.net","xp":1,"level":1},{"id":"6281262339320@s.whatsapp.net","xp":1,"level":1},{"id":"6285600793871@s.whatsapp.net","xp":1,"level":1},{"id":"6281262339320@s.whatsapp.net","xp":1,"level":1},{"id":"6285727631507@s.whatsapp.net","xp":1,"level":1},{"id":"6281223031432@s.whatsapp.net","xp":1,"level":1},{"id":"628992678209@s.whatsapp.net","xp":1,"level":1},{"id":"6285779604705@s.whatsapp.net","xp":1,"level":1},{"id":"6283898966833@s.whatsapp.net","xp":1,"level":1},{"id":"6287798647593@s.whatsapp.net","xp":1,"level":1},{"id":"6283116764135@s.whatsapp.net","xp":1,"level":1},{"id":"6285773750763@s.whatsapp.net","xp":1,"level":1},{"id":"6282328687712@s.whatsapp.net","xp":1,"level":1},{"id":"6285817698354@s.whatsapp.net","xp":1,"level":1},{"id":"6282111785203@s.whatsapp.net","xp":1,"level":1},{"id":"6282281247751@s.whatsapp.net","xp":1,"level":1},{"id":"6289614707966@s.whatsapp.net","xp":1,"level":1},{"id":"6282162027730@s.whatsapp.net","xp":1,"level":1},{"id":"6285733028117@s.whatsapp.net","xp":1,"level":1},{"id":"6285701064319@s.whatsapp.net","xp":1,"level":1},{"id":"6289689209774@s.whatsapp.net","xp":1,"level":1},{"id":"6282214475698@s.whatsapp.net","xp":1,"level":1},{"id":"6282215865680@s.whatsapp.net","xp":1,"level":1},{"id":"6282280719600@s.whatsapp.net","xp":1,"level":1},{"id":"6285854943909@s.whatsapp.net","xp":1,"level":1},{"id":"6285607655543@s.whatsapp.net","xp":1,"level":1},{"id":"6283165951907@s.whatsapp.net","xp":1,"level":1},{"id":"6283876016720@s.whatsapp.net","xp":1,"level":1},{"id":"6285641384322@s.whatsapp.net","xp":1,"level":1},{"id":"6288220252231@s.whatsapp.net","xp":1,"level":1},{"id":"6283838666050@s.whatsapp.net","xp":1,"level":1},{"id":"6289614707966@s.whatsapp.net","xp":1,"level":1},{"id":"6285600793871@s.whatsapp.net","xp":1,"level":1},{"id":"6282328687712@s.whatsapp.net","xp":1,"level":1},{"id":"6283116764135@s.whatsapp.net","xp":1,"level":1},{"id":"6285701064319@s.whatsapp.net","xp":1,"level":1},{"id":"6283876016720@s.whatsapp.net","xp":1,"level":1},{"id":"6285156038171@s.whatsapp.net","xp":1,"level":1},{"id":"6285156038171@s.whatsapp.net","xp":1,"level":1},{"id":"6285717510415@s.whatsapp.net","xp":1,"level":1},{"id":"6285609288348@s.whatsapp.net","xp":1,"level":1},{"id":"6282280719600@s.whatsapp.net","xp":1,"level":1},{"id":"62895327044844@s.whatsapp.net","xp":1,"level":1},{"id":"62895327044844@s.whatsapp.net","xp":1,"level":1},{"id":"62895424449240@s.whatsapp.net","xp":1,"level":1},{"id":"62895424449240@s.whatsapp.net","xp":1,"level":1},{"id":"62895424449240@s.whatsapp.net","xp":1,"level":1},{"id":"62895424449240@s.whatsapp.net","xp":1,"level":1},{"id":"6289525258900@s.whatsapp.net","xp":1,"level":1},{"id":"6289525258900@s.whatsapp.net","xp":1,"level":1},{"id":"6285725929945@s.whatsapp.net","xp":1,"level":1},{"id":"6285725929945@s.whatsapp.net","xp":1,"level":1},{"id":"6285265871850@s.whatsapp.net","xp":1,"level":1},{"id":"6283898966833@s.whatsapp.net","xp":1,"level":1},{"id":"6282111785203@s.whatsapp.net","xp":1,"level":1},{"id":"6285967093164@s.whatsapp.net","xp":1,"level":1},{"id":"6285967093164@s.whatsapp.net","xp":1,"level":1},{"id":"6281262339320@s.whatsapp.net","xp":1,"level":1},{"id":"6285600793871@s.whatsapp.net","xp":1,"level":1},{"id":"6283142249490@s.whatsapp.net","xp":1,"level":1},{"id":"6289668520848@s.whatsapp.net","xp":1,"level":1},{"id":"6285609288348@s.whatsapp.net","xp":1,"level":1},{"id":"6281262339320@s.whatsapp.net","xp":1,"level":1},{"id":"62895426585280@s.whatsapp.net","xp":1,"level":1},{"id":"6282162027730@s.whatsapp.net","xp":1,"level":1},{"id":"6285757635545@s.whatsapp.net","xp":1,"level":1},{"id":"6289525258900@s.whatsapp.net","xp":1,"level":1},{"id":"6287798647593@s.whatsapp.net","xp":1,"level":1},{"id":"6285878216777@s.whatsapp.net","xp":1,"level":1},{"id":"6283876395282@s.whatsapp.net","xp":1,"level":1},{"id":"6283876395282@s.whatsapp.net","xp":1,"level":1},{"id":"6283876395282@s.whatsapp.net","xp":1,"level":1},{"id":"6283876395282@s.whatsapp.net","xp":1,"level":1},{"id":"6283876395282@s.whatsapp.net","xp":1,"level":1},{"id":"6283876395282@s.whatsapp.net","xp":1,"level":1},{"id":"6285779604705@s.whatsapp.net","xp":1,"level":1},{"id":"6285773750763@s.whatsapp.net","xp":1,"level":1},{"id":"6282111785203@s.whatsapp.net","xp":1,"level":1},{"id":"6282216456014@s.whatsapp.net","xp":1,"level":1},{"id":"6282216456014@s.whatsapp.net","xp":1,"level":1},{"id":"62895424449240@s.whatsapp.net","xp":1,"level":1},{"id":"6282184642419@s.whatsapp.net","xp":1,"level":1},{"id":"6281536852236@s.whatsapp.net","xp":1,"level":1},{"id":"6282129492963@s.whatsapp.net","xp":1,"level":1},{"id":"6285725929945@s.whatsapp.net","xp":1,"level":1},{"id":"6285727631507@s.whatsapp.net","xp":1,"level":1},{"id":"6282134690385@s.whatsapp.net","xp":1,"level":1},{"id":"6289614707966@s.whatsapp.net","xp":1,"level":1},{"id":"6285156067782@s.whatsapp.net","xp":1,"level":1},{"id":"6282328687712@s.whatsapp.net","xp":1,"level":1},{"id":"6288232739101@s.whatsapp.net","xp":1,"level":1},{"id":"6282181896994@s.whatsapp.net","xp":1,"level":1},{"id":"6285727631507@s.whatsapp.net","xp":1,"level":1},{"id":"6285926313073@s.whatsapp.net","xp":1,"level":1},{"id":"6285727631507@s.whatsapp.net","xp":1,"level":1},{"id":"6281262339320@s.whatsapp.net","xp":1,"level":1},{"id":"6282181896994@s.whatsapp.net","xp":1,"level":1},{"id":"6281262375640@s.whatsapp.net","xp":1,"level":1},{"id":"62895635756762@s.whatsapp.net","xp":1,"level":1},{"id":"60102880032@s.whatsapp.net","xp":1,"level":1},{"id":"6282319668077@s.whatsapp.net","xp":1,"level":1},{"id":"6285778237513@s.whatsapp.net","xp":1,"level":1},{"id":"6281223031432@s.whatsapp.net","xp":1,"level":1},{"id":"6282117049287@s.whatsapp.net","xp":1,"level":1},{"id":"6282328687712@s.whatsapp.net","xp":1,"level":1},{"id":"6287835110323@s.whatsapp.net","xp":1,"level":1},{"id":"6287835110323@s.whatsapp.net","xp":1,"level":1},{"id":"6287835110323@s.whatsapp.net","xp":1,"level":1},{"id":"6281262339320@s.whatsapp.net","xp":1,"level":1},{"id":"6285727631507@s.whatsapp.net","xp":1,"level":1},{"id":"6281223031432@s.whatsapp.net","xp":1,"level":1},{"id":"6285600793871@s.whatsapp.net","xp":1,"level":1},{"id":"6285381551977@s.whatsapp.net","xp":1,"level":1},{"id":"6282111785203@s.whatsapp.net","xp":1,"level":1},{"id":"6282181896994@s.whatsapp.net","xp":1,"level":1},{"id":"6282217010291@s.whatsapp.net","xp":1,"level":1},{"id":"6282184642419@s.whatsapp.net","xp":1,"level":1},{"id":"6288232739101@s.whatsapp.net","xp":1,"level":1},{"id":"6285725929945@s.whatsapp.net","xp":1,"level":1},{"id":"6287798647593@s.whatsapp.net","xp":1,"level":1},{"id":"6289515875244@s.whatsapp.net","xp":1,"level":1},{"id":"6285656064294@s.whatsapp.net","xp":1,"level":1},{"id":"6288224656759@s.whatsapp.net","xp":1,"level":1},{"id":"6289666615556@s.whatsapp.net","xp":1,"level":1},{"id":"6282328687712@s.whatsapp.net","xp":1,"level":1},{"id":"6282281247751@s.whatsapp.net","xp":1,"level":1},{"id":"6282216456014@s.whatsapp.net","xp":1,"level":1},{"id":"62895385811692@s.whatsapp.net","xp":1,"level":1},{"id":"6289502172186@s.whatsapp.net","xp":1,"level":1},{"id":"6285876368973@s.whatsapp.net","xp":1,"level":1},{"id":"62882001361812@s.whatsapp.net","xp":1,"level":1},{"id":"6289514212930@s.whatsapp.net","xp":1,"level":1},{"id":"6283142249490@s.whatsapp.net","xp":1,"level":1},{"id":"6282129492963@s.whatsapp.net","xp":1,"level":1},{"id":"6283808644418@s.whatsapp.net","xp":1,"level":1},{"id":"6285327274522@s.whatsapp.net","xp":1,"level":1},{"id":"6285784460973@s.whatsapp.net","xp":1,"level":1},{"id":"6282142406092@s.whatsapp.net","xp":1,"level":1},{"id":"6285715153252@s.whatsapp.net","xp":1,"level":1},{"id":"62895424449240@s.whatsapp.net","xp":1,"level":1},{"id":"6285281840158@s.whatsapp.net","xp":1,"level":1},{"id":"6285773750763@s.whatsapp.net","xp":1,"level":1},{"id":"6285733028117@s.whatsapp.net","xp":1,"level":1},{"id":"6283898966833@s.whatsapp.net","xp":1,"level":1},{"id":"6285701552455@s.whatsapp.net","xp":1,"level":1},{"id":"6285727631507@s.whatsapp.net","xp":1,"level":1},{"id":"6285727631507@s.whatsapp.net","xp":1,"level":1},{"id":"6285727631507@s.whatsapp.net","xp":1,"level":1},{"id":"6285727631507@s.whatsapp.net","xp":1,"level":1},{"id":"6285727631507@s.whatsapp.net","xp":1,"level":1},{"id":"6285727631507@s.whatsapp.net","xp":1,"level":1},{"id":"6285600793871@s.whatsapp.net","xp":1,"level":1},{"id":"62895605187689@s.whatsapp.net","xp":1,"level":1},{"id":"6285600793871@s.whatsapp.net","xp":1,"level":1},{"id":"6285600793871@s.whatsapp.net","xp":1,"level":1},{"id":"622150942316@s.whatsapp.net","xp":1,"level":1},{"id":"6281262339320@s.whatsapp.net","xp":1,"level":1},{"id":"6285600793871@s.whatsapp.net","xp":1,"level":1},{"id":"62895411238610@s.whatsapp.net","xp":1,"level":1},{"id":"6281262339320@s.whatsapp.net","xp":1,"level":1},{"id":"6289515875244@s.whatsapp.net","xp":1,"level":1},{"id":"6285727631507@s.whatsapp.net","xp":1,"level":1},{"id":"6285727631507@s.whatsapp.net","xp":1,"level":1},{"id":"6285727631507@s.whatsapp.net","xp":1,"level":1},{"id":"6285727631507@s.whatsapp.net","xp":1,"level":1},{"id":"6285727631507@s.whatsapp.net","xp":1,"level":1},{"id":"6285727631507@s.whatsapp.net","xp":1,"level":1},{"id":"6285727631507@s.whatsapp.net","xp":1,"level":1},{"id":"6285727631507@s.whatsapp.net","xp":1,"level":1},{"id":"6285600793871@s.whatsapp.net","xp":1,"level":1},{"id":"6285860665934@s.whatsapp.net","xp":1,"level":1},{"id":"6281262339320@s.whatsapp.net","xp":1,"level":1},{"id":"6282111785203@s.whatsapp.net","xp":1,"level":1},{"id":"6285860665934@s.whatsapp.net","xp":1,"level":1},{"id":"628992678209@s.whatsapp.net","xp":1,"level":1},{"id":"6285860665934@s.whatsapp.net","xp":1,"level":1},{"id":"628992678209@s.whatsapp.net","xp":1,"level":1},{"id":"6285600793871@s.whatsapp.net","xp":1,"level":1},{"id":"6285773750763@s.whatsapp.net","xp":1,"level":1},{"id":"6281548363700@s.whatsapp.net","xp":1,"level":1},{"id":"6282328687712@s.whatsapp.net","xp":1,"level":1},{"id":"6285600793871@s.whatsapp.net","xp":1,"level":1},{"id":"6285701552455@s.whatsapp.net","xp":1,"level":1},{"id":"6285600793871@s.whatsapp.net","xp":1,"level":1},{"id":"6285600793871@s.whatsapp.net","xp":1,"level":1},{"id":"6285600793871@s.whatsapp.net","xp":1,"level":1},{"id":"6285600793871@s.whatsapp.net","xp":1,"level":1},{"id":"62895414364706@s.whatsapp.net","xp":1,"level":1},{"id":"62895414364723@s.whatsapp.net","xp":1,"level":1},{"id":"62895414364723@s.whatsapp.net","xp":1,"level":1},{"id":"62895414364706@s.whatsapp.net","xp":1,"level":1},{"id":"62857014792457@s.whatsapp.net","xp":1,"level":1},{"id":"62857014792457@s.whatsapp.net","xp":1,"level":1},{"id":"6285701479245@s.whatsapp.net","xp":1,"level":1},{"id":"62857014792457@s.whatsapp.net","xp":1,"level":1},{"id":"6285701479245@s.whatsapp.net","xp":1,"level":1},{"id":"6285701479245@s.whatsapp.net","xp":1,"level":1},{"id":"62857014792457@s.whatsapp.net","xp":1,"level":1},{"id":"6285701479245@s.whatsapp.net","xp":1,"level":1},{"id":"6285701479245@s.whatsapp.net","xp":1,"level":1},{"id":"62857014792457@s.whatsapp.net","xp":1,"level":1},{"id":"62857014792457@s.whatsapp.net","xp":1,"level":1},{"id":"6285701479245@s.whatsapp.net","xp":1,"level":1},{"id":"62857014792457@s.whatsapp.net","xp":1,"level":1}]