[{"id":"6285742858312@s.whatsapp.net","hape":0},{"id":"6285600793871@s.whatsapp.net","hape":0},{"id":"6285700871480@s.whatsapp.net","hape":0},{"id":"6285727631507@s.whatsapp.net","hape":0},{"id":"6285226056859@s.whatsapp.net","hape":0},{"id":"6285876368973@s.whatsapp.net","hape":0},{"id":"6285643392726@s.whatsapp.net","hape":0},{"id":"6285867603570@s.whatsapp.net","hape":0},{"id":"6289666615556@s.whatsapp.net","hape":0},{"id":"6285727341138@s.whatsapp.net","hape":0},{"id":"62895415497664@s.whatsapp.net","hape":0},{"id":"6283139105820@s.whatsapp.net","hape":0},{"id":"6285878970732@s.whatsapp.net","hape":0},{"id":"6285701552455@s.whatsapp.net","hape":0},{"id":"6285741595027@s.whatsapp.net","hape":0},{"id":"6285743644915@s.whatsapp.net","hape":0},{"id":"6282328687712@s.whatsapp.net","hape":0},{"id":"6285773750763@s.whatsapp.net","hape":0},{"id":"6285779604705@s.whatsapp.net","hape":0},{"id":"6282118484275@s.whatsapp.net","hape":0},{"id":"6282111785203@s.whatsapp.net","hape":0},{"id":"6288232739101@s.whatsapp.net","hape":0},{"id":"6283116764135@s.whatsapp.net","hape":0},{"id":"6289689569971@s.whatsapp.net","hape":0},{"id":"6281262290573@s.whatsapp.net","hape":0},{"id":"6289637381628@s.whatsapp.net","hape":0},{"id":"6283131633983@s.whatsapp.net","hape":0},{"id":"6282133807375@s.whatsapp.net","hape":0},{"id":"6281262339320@s.whatsapp.net","hape":0},{"id":"6283898966833@s.whatsapp.net","hape":0},{"id":"6282184642419@s.whatsapp.net","hape":0},{"id":"6285746839404@s.whatsapp.net","hape":0},{"id":"62895411238610@s.whatsapp.net","hape":0},{"id":"6281261394551@s.whatsapp.net","hape":0},{"id":"6281943406216@s.whatsapp.net","hape":0},{"id":"6281371465614@s.whatsapp.net","hape":0},{"id":"6282278968060@s.whatsapp.net","hape":0},{"id":"6289502172186@s.whatsapp.net","hape":0},{"id":"6282281247751@s.whatsapp.net","hape":0},{"id":"6282117049287@s.whatsapp.net","hape":0},{"id":"6285866028195@s.whatsapp.net","hape":0},{"id":"6285850184494@s.whatsapp.net","hape":0},{"id":"6282278186745@s.whatsapp.net","hape":0},{"id":"6282319668077@s.whatsapp.net","hape":0},{"id":"6287833462942@s.whatsapp.net","hape":0},{"id":"6283853066350@s.whatsapp.net","hape":0},{"id":"6282368887903@s.whatsapp.net","hape":0},{"id":"6281919981712@s.whatsapp.net","hape":0},{"id":"6285859458975@s.whatsapp.net","hape":0},{"id":"628992678209@s.whatsapp.net","hape":0},{"id":"6289530974840@s.whatsapp.net","hape":0},{"id":"6281229359919@s.whatsapp.net","hape":0},{"id":"6281223031432@s.whatsapp.net","hape":0},{"id":"6282136739197@s.whatsapp.net","hape":0},{"id":"62895635756762@s.whatsapp.net","hape":0},{"id":"6285745973067@s.whatsapp.net","hape":0},{"id":"6287798647593@s.whatsapp.net","hape":0},{"id":"62895324108523@s.whatsapp.net","hape":0},{"id":"6285882271079@s.whatsapp.net","hape":0},{"id":"6289627021201@s.whatsapp.net","hape":0},{"id":"6281646869482@s.whatsapp.net","hape":0},{"id":"62895385811692@s.whatsapp.net","hape":0},{"id":"62895605187689@s.whatsapp.net","hape":0},{"id":"6285860665934@s.whatsapp.net","hape":0},{"id":"6281548363700@s.whatsapp.net","hape":0},{"id":"62857014792457@s.whatsapp.net","hape":0},{"id":"6285701479245@s.whatsapp.net","hape":0}]